
  
  [
    {
      "sectitle": "Portfolio",
      "title": "Mobile Apps",
      "description": "Lorem ipsum, dolor sit",
      "category": "Mobile Apps",
      "image": "/uploads/F1.jpg"
    },
    {
      "sectitle": "Portfolio",
      "title": "ChatBots",
      "description": "Lorem ipsum, dolor sit",
      "category": "ChatBots",
      "image": "/uploads/TrioTend App Images-5.jpeg"
    },
    {
      "sectitle": "Portfolio",
      "title": "Web Apps",
      "description": "Lorem ipsum, dolor sit",
      "category": "Web Apps",
      "image": "/uploads/0.1 Log In.png"
    },
    {
      "sectitle": "Portfolio",
      "title": "Mobile Apps",
      "description": "Lorem ipsum, dolor sit",
      "category": "Mobile Apps",
      "image": "/uploads/F2.jpg"
    },
    {
      "sectitle": "Portfolio",
      "title": "ChatBots",
      "description": "Lorem ipsum, dolor sit",
      "category": "ChatBots",
      "image": "/uploads/TrioTend App Images-6.jpeg"
    },
    {
      "sectitle": "Portfolio",
      "title": "Web Apps",
      "description": "Lorem ipsum, dolor sit",
      "category": "Web Apps",
      "image": "/uploads/1.DashBoard.png"
    },
    {
      "sectitle": "Portfolio",
      "title": "Mobile Apps",
      "description": "Lorem ipsum, dolor sit",
      "category": "Mobile Apps",
      "image": "/uploads/F3.jpg"
    },
    {
      "sectitle": "Portfolio",
      "title": "ChatBots",
      "description": "Lorem ipsum, dolor sit",
      "category": "ChatBots",
      "image": "/uploads/TrioTend App Images-7.jpeg"
    },
    {
      "sectitle": "Portfolio",
      "title": "Web Apps",
      "description": "Lorem ipsum, dolor sit",
      "category": "Web Apps",
      "image": "/uploads/2.Manage Services.png"
    }
  ]
